"Timestamp","Do you personally believe in Simulation Theory (the idea that we live within a simulation)","What is your gender (if not listed click other and ""fill in the blank"" )","Does the world feel real to you","How old are you","On a scale of 1 to 5 how happy of a person are you (in general)","On a scale of 1 to 5 how confident of a person are you","Scale of 1 to 5 how sociable are you","What is your religion","Do you ever wake up and feel like you are still dreaming","Have you ever experienced ""D√©j√† Vu""","How many friends do you have (people whom you talk to every so often)","Are you a fan of marijuana (weed)","Do you own a VR headset","How many books, articles, and videos have you read/ watched on the topic of Simulation Theory","Have you ever watched the movie ""The Matrix""","If yes to previous question Red pill or Blue pill","Do you know who Nick Bostrom is","Have you ever witnessed an event that could be described as a ""glitch"" in our reality","If yes to the previous question you may describe it below. This is not required.","Are you a fan of Elon Musk ","Do you own a Tesla","Would you consider yourself to think more logically or more abstractly","Do you believe in the existence of aliens","Are you familiar with the Fermi Paradox","Does the idea of living within a simulation change your perspective on life","How much time (if any) have you spent on the topic of Simulation Theory(research, conversations, thinking/thought experiments)","Is the concept of Simulation Theory hard for you to grasp","Would you say you are a person of science (believe in facts backed up by repeated experiments and math)","What kind of emotion do you feel toward the idea of living in a simulation with no hope of ever escaping","Where did you first hear about Simulation Theory","Do you believe that you are in control of your life","Select several of the following that interest you most","There are several arguments for the theory that we are living in a simulation. Most of which conceptually almost definitely prove that we are in fact in a simulation. However, the purpose of this survey is to discover other insights. Thank you for taking the time to fill out this survey. Just for fun pick a random number 1-10.",""
"2019/11/12 12:30:09 AM EST","Yes","Male","Yes","20","4","5","3","Non-Religious","No","Yes","8","No","Yes","4+","Yes","Red pill (Knowledge)","Yes","No","na","Yes","I wish...","Logically","Yes","Yes","Yes","6 to 12 hours","No","Yes","Curiosity","Elon Musk","Yes","Technology;Art;Math;Science Fiction;Space;Business;Social Events;Video Games;Pop-Culture","7","July 16th"
"2019/11/12 1:06:58 AM EST","Yes","Male","Unsure","21","4","2","4","Christianity","Yes","Yes","25","Depends on the day","No","4+","Yes","Red pill (Knowledge)","Yes","No","","Yes","I wish...","Abstractly","Yes","No","No","2 to 6 hours","No","Yes","Curiosity","Youtube","Yes","Sports","69",""
"2019/11/12 1:50:31 AM EST","No","Male","Yes","19","3","3","2","Non-Religious","Yes","Yes","5","Yes","No","0","No","Have not seen ""The Matrix""","No","No","","Yes","I wish...","Logically","Yes","Yes","No","1 to 2 hours","No","Yes","Curiosity","A Friend","Yes","Technology;Movies;Science Fiction;Space;Video Games","7",""
"2019/11/12 1:54:40 AM EST","Yes","Male","No","33","3","4","3","Non-Religious","No","No","1","No","No","4+","Yes","Red pill (Knowledge)","Yes","No","","Yes","No","Abstractly","Yes","Yes","Yes","24+ hours","No","No","I don't think we ultimately can't escape this simulation.","Other","No","Technology;Art;Math;Pop-Culture","5",""
"2019/11/12 1:57:08 AM EST","Yes","Female","Yes","56","4","4","4","Non-Religious","Yes","Yes","2","No","Yes","4+","Yes","Red pill (Knowledge)","Yes","Yes","I witnessed another version of myself be murdered and came to meet and learn about two versions of myself in other realities who requested my help moving from those to others. In earth space they'd be called dreams. I figured as much until for a month I started being stopped dead in my tracks reexperiencing memories of things I never experienced, and on another occasion literally, audibly heard my son call out ""Hey, mom"" as he passed behind me while I was at the sink cleaning dishes, only to turn around and find noone there...later discovering he is my son, but in an alternate version. These experiences began in April 2019 and escalated, and were to authentic and legitimate that it set me on a course to try and find out what's happening...leading me on an intriguing journey to simulation theory, alternate realities, dimension hopping, panpsychism, electric universe and a bunch of other topics that have pretty much settled it these are realities. Also, I'm 56 and no longer give a shit what somebody else thinks about my state of mind. They don't pay my bills so my opinion of them won't take a backseat to their opinion of me. and I'm having fun with it. It's either real or it isnt. If it isn't, no harm no foul and none of this existence matters when it's all said and done, and if it is, I was part of the pioneers of explorations into the truly uncharted territory that is simulated reality or alternate realities....and how cool is that.","Yes","No","Logically","Yes","Yes","Yes","24+ hours","No","Yes","Intrigue ","Nick Bossom","Yes","Technology;Movies;Science Fiction;Space;Business","7",""
"2019/11/12 1:58:25 AM EST","Yes","Male","No","14","2","3","3","Non-Religious","Yes","Yes","6","Yes","No","4+","Yes","Red pill (Knowledge)","No","Yes","Sometimes I just get moments where I feel like all of reality is falling apart. People's faces don't seem like they are faces. My vision gets all fuzzy. I feel like I'm falling. ","Yes","I wish...","Logically","Yes","No","Unsure","24+ hours","No","Yes","Emptyness","Google","No","Technology;Math;Space;Business","11",""
"2019/11/12 2:05:40 AM EST","Yes","Female","Unsure","25","2","3","3","Non-Religious","Yes","Yes","9","Depends on the day","No","0","Yes","Blue pill (Blissful Ignorance)","No","Yes","","No","No","Abstractly","Yes","No","Unsure","1 to 2 hours","No","Yes","Curiosity","A Friend","No","Technology;Make-up Tutorials;Science Fiction;Space;Video Games;Pop-Culture","7",""
"2019/11/12 2:33:51 AM EST","No","Female","Unsure","17","3","2","2","Atheism","Yes","Yes","5","No","No","1","No","Have not seen ""The Matrix""","No","No","","I don't dislike him","No","Abstractly","No","No","Yes","10 to 30 minutes","No","Yes","Curiosity","Social Media","Yes","Technology;Art;Science Fiction;Space;Pop-Culture","6",""
"2019/11/12 2:34:34 AM EST","No","Male","Yes","18","1","2","1","Atheism","No","Yes","","No","No","0","No","Have not seen ""The Matrix""","No","No","","I don't dislike him","I wish...","Abstractly","Yes","Yes","No","1 to 2 hours","No","Yes","It really doesn't matter and I have no feelings towards it","Social Media","Yes","Technology;Art;Movies;Science Fiction;Social Events;Video Games;Pop-Culture","10",""
"2019/11/12 2:35:45 AM EST","Yes","Male","Yes","28","2","1","1","Non-Religious","Yes","Yes","3","Yes","No","4+","Yes","Red pill (Knowledge)","Yes","No","","Yes","I wish...","Abstractly","Yes","Yes","Unsure","12 to 24 hours","No","Yes","Curiosity","Nick Bossom","No","Technology;Art;Movies;Science Fiction;Space;Video Games;Porn","11",""
"2019/11/12 2:49:09 AM EST","No","Female","Yes","30","2","3","2","Atheism","No","Yes","3","Yes","No","2","No","Have not seen ""The Matrix""","No","No","","No","No","Logically","Yes","No","Unsure","10 to 30 minutes","No","Yes","Depression","Other","Yes","Art;TV, animals, books","3",""
"2019/11/12 3:05:51 AM EST","No","Male","Yes","22","4","2","1","Atheism","No","Yes","2","No","No","0","Yes","Red pill (Knowledge)","No","No","","No","No","Logically","Yes","Yes","Unsure","30 to 60 minutes","No","Yes","If there is no way of accessing the world outside the simulation, it doesn't matter.","Other","No","Art;Math;Science Fiction;Video Games","1",""
"2019/11/12 3:14:02 AM EST","No","Female","Yes","19","3","3","3","Non-Religious","No","Yes","10","Yes","No","4+","No","Have not seen ""The Matrix""","No","No","nope","I don't dislike him","I wish...","Logically","Yes","No","Unsure","1 to 2 hours","Yes","Yes","unbotheredü§∑üèΩ‚Äç‚ôÄÔ∏è","A Friend","Yes","Art;Math;Make-up Tutorials;Space;Business;Video Games;MY MOOoooOooaaAaaam","73",""
"2019/11/12 3:17:48 AM EST","Yes","Female","Unsure","19","3","2","3","Atheism","Yes","Yes","3","Depends on the day","No","4+","No","Have not seen ""The Matrix""","Yes","No","","No","No","Logically","Yes","Yes","No","6 to 12 hours","Yes","Yes","Indifference","Social Media","Yes","Science Fiction;Video Games;Pop-Culture","9",""
"2019/11/12 3:21:27 AM EST","No","Female","No","22","1","3","1","unknown","Yes","Yes","1","No","Yes","0","No","Have not seen ""The Matrix""","No","No","","I don't dislike him","I wish...","Logically","Yes","Yes","No","0 to 10 minutes","No","Yes","Curiosity","Social Media","No","Video Games","1",""
"2019/11/12 3:31:36 AM EST","No","Male","Unsure","33","3","2","1","Non-Religious","Yes","Yes","2","No","No","0","Yes","Blue pill (Blissful Ignorance)","No","No","","I don't dislike him","No","Logically","Yes","Yes","Unsure","0 to 10 minutes","No","Yes","Curiosity","This survey","No","Technology;Math;Science Fiction;Video Games","3",""
"2019/11/12 3:45:29 AM EST","No","Female","Yes","18","2","1","2","Atheism","Yes","Yes","2","No","No","1","Yes","Blue pill (Blissful Ignorance)","No","No","","No","No","Logically","Yes","Yes","No","30 to 60 minutes","No","Yes","Whether it's true or not, it doesn't matter. Conceptual proof doesn't mean shit. In a practical way, it's unprovable so why waste time being upset about a possibility that will never see the light of day? It's a bit stressful, but not enough to really matter.","Other","Yes","Art;Movies;Science Fiction;Video Games;Normal Psychology, Literature","This is decidedly not fun, my guy.",""
"2019/11/12 3:58:23 AM EST","No","Male","Unsure","19","2","4","5","Non-Religious","No","Yes","10","No","No","0","No","Blue pill (Blissful Ignorance)","No","Yes","","Yes","I wish...","Logically","Yes","No","Yes","0 to 10 minutes","Yes","Yes","Anxiety","This survey","Yes","Science Fiction;Video Games","7",""
"2019/11/12 4:10:07 AM EST","No","Male","Yes","34","3","4","3","Non-Religious","No","Yes","20","No","No","0","Yes","Red pill (Knowledge)","No","No","","No","No","Abstractly","Yes","Yes","No","2 to 6 hours","No","Yes","Curiosity","Other","No","Science Fiction;Space;Video Games;music","3",""
"2019/11/12 4:19:29 AM EST","Yes","Male","Yes","18","4","4","4","Non-Religious","Yes","Yes","4","No","Yes","4+","No","Have not seen ""The Matrix""","Yes","No","","I don't dislike him","I wish...","Logically","Yes","Yes","Unsure","24+ hours","Yes","Yes","Curiosity","Nick Bossom","Yes","Technology;Art;Math;Movies;Science Fiction;Space;Video Games;Philosophy","rand() % 10 + 1",""
"2019/11/12 4:44:43 AM EST","No","Male","Yes","45","2","4","2","Non-Religious","No","Yes","1","No","Yes","4+","Yes","Red pill (Knowledge)","Yes","No","","I don't dislike him","I wish...","Abstractly","Yes","Yes","Unsure","1 to 2 hours","No","Yes","Curiosity","Youtube","Yes","Technology;Math;Science Fiction;Space;Video Games","11",""
"2019/11/12 4:52:04 AM EST","No","Female","Yes","16","3","3","5","Non-Religious","No","Yes","30","Yes","No","2","No","Have not seen ""The Matrix""","No","Yes","Turned the radio off, walked out side, still heard music, came back and turned it off, same thing happened again, the finally turned it off a 3rd time and it stopped","I don't dislike him","No","Logically","No","No","Yes","10 to 30 minutes","Yes","Yes","A mix of everything","Social Media","Yes","Art;Movies;Social Events;Pop-Culture","4",""
"2019/11/12 4:55:51 AM EST","No","Female","Yes","16","4","4","4","Non-Religious","Yes","Yes","50+","Depends on the day","No","1","No","Have not seen ""The Matrix""","No","No","","Yes","No","Logically","Yes","Yes","Yes","10 to 30 minutes","No","Yes","Sadness","Elon Musk","Yes","Math;Make-up Tutorials;Social Events;Pop-Culture","9",""
"2019/11/12 5:12:21 AM EST","No","Male","Yes","37","3","2","3","Agnostic","No","Yes","10","Yes","No","4+","Yes","Red pill (Knowledge)","Yes","Yes","I walked past a eccentrically dressed man and noticed him, then continued a light jog only to see him again about 2 blocks away up ahead of me with no real opportunity for him to walk past me without me noticing. ","I don't dislike him","No","Abstractly","Yes","Yes","Yes","24+ hours","No","Yes","Curiosity","Other","No","Art;Science Fiction;Space;Anthropology","7",""
"2019/11/12 5:13:33 AM EST","No","Male","Yes","22","3","3","5","Atheism","Yes","Yes","3","No","No","0","No","Have not seen ""The Matrix""","No","Yes","","Yes","No","Logically","Yes","Yes","No","0 to 10 minutes","No","Yes","Indifference","This survey","Yes","Technology;Movies;Science Fiction;Space;Social Events;Video Games","9",""
"2019/11/12 5:16:11 AM EST","No","Female","Yes","19","4","4","4","Atheism","Yes","Yes","13","No","Yes","0","Yes","Red pill (Knowledge)","No","No","","I don't dislike him","I wish...","Logically","Yes","No","Yes","0 to 10 minutes","No","Yes","Neutral ","Social Media","Yes","Math;Movies;Science Fiction;Space;Social Events;Pop-Culture","1",""
"2019/11/12 5:57:56 AM EST","No","Male","Yes","19","3","2","1","Atheism","No","No","4","No","No","4+","Yes","Red pill (Knowledge)","No","No","","Yes","I wish...","Logically","Yes","Yes","Unsure","12 to 24 hours","No","Yes","Curiosity","Youtube","Yes","Technology;Math;Movies;Science Fiction;Space;Video Games","No :)",""
"2019/11/12 6:01:47 AM EST","Yes","Male","Yes","33","3","4","3","Non-Religious","Yes","Yes","10","Yes","No","4+","Yes","Red pill (Knowledge)","Yes","Yes","Every person does - Its called the law of attraction. When you focus all your energy into something it will manifest into your life | Walking into a room and not understanding why you went in the first place | I have also got a huge problem with tinnitus which is vaguely similar to white noise or static constantly in my ears | On a mushroom trip I have also had crazy encounters with higher being showing me what I could only recognise as 1's & 0's and the entity was trying to explain to me that this is in fact everything I am | I have had many encounters where I have been stopped in my tracks... Then I came across like minded people, and it had a name called Simulation Hypothesis. ","Yes","No","Logically","Yes","No","Yes","24+ hours","No","Yes","Curiosity","Nick Bossom","Yes","Technology;Movies;Space;Sports;Video Games","86",""
"2019/11/12 6:05:57 AM EST","No","Male","Yes","15","3","4","2","Atheism","No","Yes","3","No","No","3","Yes","Blue pill (Blissful Ignorance)","No","No","","Yes","I wish...","Logically","Yes","No","No","10 to 30 minutes","No","Yes","Curiosity","Youtube","No","Science Fiction;Sports;Video Games;Politics","8",""
"2019/11/12 6:10:19 AM EST","No","Male","No","18","4","3","3","Non-Religious","No","Yes","20","Yes","No","4+","Yes","Red pill (Knowledge)","Yes","Yes","","I don't dislike him","I wish...","Logically","No","Yes","No","2 to 6 hours","No","Yes","Curiosity","Youtube","Yes","Technology;Math;Movies;Science Fiction;Space;Sports;Video Games;Environment","5.5",""
"2019/11/12 6:12:41 AM EST","No","Female","Yes","30","5","5","5","Judaism","No","Yes","50+","Depends on the day","No","0","No","Have not seen ""The Matrix""","No","No","","Yes","I wish...","Logically","Yes","No","No","0 to 10 minutes","No","Yes","Nothing ","This survey","Yes","Sports;Business;Social Events","4",""
"2019/11/12 7:35:43 AM EST","No","Female","Yes","29","5","4","3","Non-Religious","No","Yes","8","No","No","0","Yes","Red pill (Knowledge)","No","No","","I don't dislike him","No","Logically","Yes","Yes","No","10 to 30 minutes","No","Yes","Curiosity","Youtube","Yes","Technology;Math;Movies;Science Fiction;Space","4",""
"2019/11/12 7:43:53 AM EST","No","Female","Yes","26","4","3","4","Islam","Yes","Yes","5","No","No","0","Yes","Red pill (Knowledge)","No","No","","Yes","I wish...","Abstractly","Yes","No","Yes","1 to 2 hours","No","Yes","Curiosity","A Friend","Yes","Technology;Art;Math;Movies;Science Fiction;Space","5",""
"2019/11/12 7:48:43 AM EST","No","Male","Yes","20","3","2","3","Atheism","No","Yes","20","Yes","No","4+","Yes","Red pill (Knowledge)","No","No","","Yes","I wish...","Logically","Yes","Yes","Yes","2 to 6 hours","No","Yes","Curiosity","Youtube","Yes","Technology;Art;Movies;Space;Video Games","8",""
"2019/11/12 7:49:31 AM EST","Yes","Male","No","20","2","3","3","Atheism","Yes","Yes","7","No","No","4+","Yes","Red pill (Knowledge)","Yes","Yes","Compass points changing, the colours of the world changing, glitching NPCs.","I don't dislike him","No","Logically","Yes","Yes","Yes","24+ hours","No","Yes","Curiosity","Other","No","Technology;Math;Movies;Space;Video Games","7",""
"2019/11/12 8:00:40 AM EST","Yes","Male","Unsure","32","3","4","3","Non-Religious","Yes","Yes","5","No","Yes","4+","Yes","Red pill (Knowledge)","Yes","No","","I don't dislike him","I wish...","Logically","Yes","Yes","Unsure","24+ hours","No","Yes","Curiosity","Other","Yes","Technology;Movies;Science Fiction;Space;Video Games","8",""
"2019/11/12 8:27:55 AM EST","Yes","Male","No","21","2","4","2","Atheism","No","Yes","1","No","No","2","No","Have not seen ""The Matrix""","No","Yes","","No","No","Logically","No","Yes","Unsure","2 to 6 hours","Yes","Yes","Anxiety","Other","Yes","Sports;Music ","3",""
"2019/11/12 8:48:37 AM EST","Yes","Female","No","66","5","5","2","Non-Religious","No","Yes","2","Depends on the day","Yes","4+","Yes","Red pill (Knowledge)","Yes","No","","Yes","I wish...","Logically","Yes","Yes","Yes","24+ hours","No","Yes","Excitement","Nick Bossom","Yes","Technology","6",""
"2019/11/12 8:54:42 AM EST","No","Female","Unsure","22","5","4","4","Atheism","No","Yes","6","No","No","4+","Yes","Blue pill (Blissful Ignorance)","Yes","Yes","I have often said something and my boyfriend gets confused and asked why I said that because he was literally just about to say the same thing (most of the time it is random thoughts or observations not related to what we are currently doing) ","I don't dislike him","No","Logically","Yes","No","No","2 to 6 hours","Yes","Yes","Curiosity","Youtube","No","Technology;Math;Science Fiction;Space;Psychology","8",""
"2019/11/12 9:11:28 AM EST","No","Male","Unsure","21","2","3","4","Non-Religious","Yes","Yes","3","Yes","No","4+","Yes","Red pill (Knowledge)","Yes","Yes","","I don't dislike him","No","Abstractly","Yes","No","Unsure","1 to 2 hours","No","Yes","Depression","Other","No","Technology;Art;Science Fiction;Space;Video Games;Pop-Culture","7",""
"2019/11/12 9:48:07 AM EST","Yes","Male","Unsure","24","4","4","4","Non-Religious","Yes","Yes","10","Depends on the day","No","4+","Yes","Red pill (Knowledge)","Yes","Yes","","Yes","I wish...","Logically","Yes","Yes","No","2 to 6 hours","No","Yes","Curiosity","Neil Degrasse Tyson","Yes","Technology;Art;Math;Movies;Space;Social Events;Video Games","8",""
"2019/11/12 9:53:46 AM EST","Yes","Male","Yes","18","4","3","3","Non-Religious","No","Yes","7","Yes","No","4+","Yes","Red pill (Knowledge)","No","Yes","","Yes","No","Logically","Yes","No","Yes","12 to 24 hours","No","Yes","Curiosity","Youtube","Yes","Technology;Art;Space;Sports;Business;Video Games","4",""
"2019/11/12 9:57:15 AM EST","Yes","Male","Unsure","20","4","4","3","Non-Religious","No","Yes","15","No","No","3","Yes","Red pill (Knowledge)","No","Yes","","Yes","I wish...","Logically","Yes","Yes","No","12 to 24 hours","No","Yes","Sadness","Youtube","Yes","Technology;Art;Math;Science Fiction;Sports;Business;Video Games","6",""
"2019/11/12 10:07:14 AM EST","Yes","Male","Yes","48","2","3","3","Non-Religious","Yes","Yes","50+","Yes","No","4+","Yes","Red pill (Knowledge)","Yes","Yes","","I don't dislike him","I wish...","Logically","Yes","Yes","Unsure","24+ hours","No","Yes","Curiosity","Other","Yes","Technology;Art;Movies;Science Fiction;Video Games;Pop-Culture","9",""
"2019/11/12 10:08:39 AM EST","Yes","Male","Unsure","18","4","4","2","Non-Religious","Yes","Yes","10","Yes","No","4+","Yes","Red pill (Knowledge)","Yes","No","","Yes","I wish...","Logically","Yes","Yes","Yes","24+ hours","Yes","Yes","Curiosity","Youtube","No","Technology;Space;Sports;Video Games","69",""
"2019/11/12 10:41:24 AM EST","Yes","Male","No","14","4","4","3","Hinduism","No","Yes","6","No","No","4+","No","Have not seen ""The Matrix""","No","No","","Yes","I wish...","Logically","Yes","No","No","30 to 60 minutes","No","Yes","Curiosity","Other","Yes","Technology;Math;Movies;Science Fiction;Space;Sports;Video Games","7",""
"2019/11/12 10:46:11 AM EST","Yes","Male","Yes","34","4","5","5","Non-Religious","No","Yes","15","No","No","4+","Yes","Red pill (Knowledge)","Yes","No","","I don't dislike him","No","Logically","Yes","Yes","Yes","24+ hours","No","Yes","Curiosity","Other","Yes","Technology;Math;Science Fiction;Space;Video Games","7",""
"2019/11/12 10:50:35 AM EST","No","Male","Yes","27","3","2","2","Atheism","No","Yes","5","Yes","No","4+","Yes","Red pill (Knowledge)","No","No","","I don't dislike him","I wish...","Logically","No","Yes","Yes","30 to 60 minutes","No","Yes","Rage","A Friend","Yes","Art;Math;Movies;Science Fiction;Sports;Video Games","8",""
"2019/11/12 10:59:55 AM EST","No","Male","Yes","","2","2","1","Atheism","No","Yes","2","Yes","Yes","4+","Yes","Red pill (Knowledge)","Yes","No","","I don't dislike him","No","Logically","Yes","Yes","Yes","24+ hours","No","Yes","Curiosity","Social Media","No","Technology;Science Fiction;Space;Video Games","22",""
"2019/11/12 11:02:41 AM EST","Yes","Female","Unsure","25","4","3","4","Christianity","No","Yes","20","Depends on the day","No","4+","Yes","Red pill (Knowledge)","Yes","Yes","","Yes","I wish...","Abstractly","Yes","Yes","Yes","24+ hours","No","Yes","Curiosity","Google","Yes","Technology;Art;Math;Science Fiction;Space;Video Games","7",""
"2019/11/12 11:03:11 AM EST","No","Male","Yes","47","4","3","3","Non-Religious","No","No","10","Yes","No","4+","Yes","Red pill (Knowledge)","Yes","No","","Yes","No","Abstractly","Yes","No","Yes","24+ hours","No","Yes","Curiosity","Elon Musk","Yes","Technology;Art;Science Fiction;Space;Sports;Business;Social Events","8",""
"2019/11/12 11:15:38 AM EST","No","Male","Yes","13","5","3","3","Atheism","No","Yes","6","No","Yes","0","Yes","Blue pill (Blissful Ignorance)","No","Yes","","I don't dislike him","No","Logically","Yes","Yes","No","0 to 10 minutes","Yes","Yes","Don‚Äôt really care honestly","Social Media","Yes","Technology;Space;Video Games;Pop-Culture","6",""
"2019/11/12 11:16:01 AM EST","Yes","Male","Yes","31","1","2","3","Atheism","No","Yes","10","Depends on the day","No","2","No","Blue pill (Blissful Ignorance)","Yes","No","","I don't dislike him","No","Logically","Yes","Yes","No","1 to 2 hours","No","Yes","Curiosity","Elon Musk","Yes","Technology;Space;Video Games","7",""
"2019/11/12 11:20:03 AM EST","Yes","Male","Yes","32","4","4","4","Atheism","Yes","Yes","6","Yes","Yes","4+","Yes","Red pill (Knowledge)","Yes","No","","Yes","I wish...","Logically","Yes","No","Unsure","12 to 24 hours","No","Yes","Indifference","Google","Yes","Technology;Math;Science Fiction;Space;Sports;Video Games","6",""
"2019/11/12 11:29:21 AM EST","Yes","Male","No","37","3","5","3","Atheism","Yes","Yes","5","Depends on the day","Yes","4+","Yes","Red pill (Knowledge)","No","Yes","","No","No","Logically","Yes","Yes","No","24+ hours","No","Yes","Apathy","Other","Yes","Technology;Art;Math;Science Fiction;Space;Sports;Video Games;Sex","It would not be a random choice, so I can't answer this one. ",""
"2019/11/12 11:32:12 AM EST","Yes","Male","Unsure","22","3","2","2","Non-Religious","No","Yes","1","No","No","4+","Yes","Red pill (Knowledge)","No","Yes","When I was little the sun was surrounded with some weird black circle","Yes","No","Logically","Yes","No","Yes","30 to 60 minutes","No","No","Curiosity","Social Media","No","Science Fiction;Space;Video Games","4",""
"2019/11/12 11:36:07 AM EST","No","Male","Yes","20","4","4","3","Christianity","No","Yes","15","No","Yes","2","Yes","Red pill (Knowledge)","No","No","","Yes","No","Abstractly","Yes","No","Yes","6 to 12 hours","No","Yes","Curiosity","Other","Yes","Technology;Math;Space;Sports;Business","6",""
"2019/11/12 11:36:54 AM EST","No","Male","Yes","31","5","4","5","Christianity","No","Yes","10","Yes","No","2","Yes","Red pill (Knowledge)","No","No","","I don't dislike him","I wish...","Logically","Yes","No","Yes","12 to 24 hours","No","Yes","Curiosity","Other","Yes","Technology;Math;Movies;Science Fiction;Space;Sports;Social Events;Video Games","7",""
"2019/11/12 11:42:40 AM EST","Yes","Male","Unsure","16","2","2","2","Atheism","Yes","Yes","8","Yes","Yes","4+","Yes","Red pill (Knowledge)","No","Yes","","Yes","I wish...","Abstractly","Yes","No","No","24+ hours","No","Yes","Curiosity","Youtube","No","Technology;Movies;Space;Video Games","7",""
"2019/11/12 11:52:35 AM EST","Yes","Male","Unsure","62","2","2","2","Buddhism","Yes","Yes","2","Depends on the day","No","4+","Yes","Red pill (Knowledge)","Yes","Yes","","Yes","No","Logically","Yes","Yes","Unsure","6 to 12 hours","No","Yes","Curiosity","Other","Yes","Technology;Art;Math;Movies;Science Fiction;Space;Music","5",""
"2019/11/12 12:01:43 PM EST","Yes","Male","Unsure","16","4","4","3","Hinduism","Yes","Yes","7","No","Yes","4+","Yes","Red pill (Knowledge)","No","Yes","Twins","Yes","I wish...","Logically","Yes","No","No","12 to 24 hours","Yes","Yes","Curiosity","Youtube","Yes","Technology;Math;Movies;Science Fiction;Space;Sports;Business;Video Games;Pop-Culture","7",""
"2019/11/12 12:03:27 PM EST","Yes","Male","Yes","23","2","3","4","Christianity","Yes","Yes","15","Depends on the day","No","1","Yes","Red pill (Knowledge)","No","Yes","","I don't dislike him","No","Abstractly","Yes","Yes","Unsure","30 to 60 minutes","No","Yes","Anxiety","Other","Yes","Movies;Science Fiction;Space;Sports;Social Events;Video Games;Pop-Culture","5",""
"2019/11/12 12:04:25 PM EST","Yes","Male","No","20","4","4","4","Non-Religious","Yes","Yes","20","No","No","4+","Yes","Red pill (Knowledge)","Yes","Yes","In little league baseball we played against another team. I was a pitcher and met the other teams pitcher after the game. It was super close game and I had friends on the other team so they introduced me to their pitcher. We had the same name, threw the same pitches, threw the same speed, same style of pitching, etc. we were also the exact same height and weight. We had the same hair style and hair color. The only difference was he had blue eyes and mine are brown. We looked like brothers / twins. After that game we played that town again later in the season and he wasn‚Äôt on the team anymore and nobody knew who he was when I described him. ","Yes","I wish...","Logically","Yes","Yes","Unsure","12 to 24 hours","Yes","Yes","Curiosity","Other","Yes","Technology;Movies;Science Fiction;Space;Business;Video Games;Pop-Culture","2",""
"2019/11/12 12:26:46 PM EST","Yes","Male","Unsure","24","5","5","5","Non-Religious","No","Yes","35","Yes","No","4+","Yes","Blue pill (Blissful Ignorance)","No","No","","Yes","I wish...","Logically","Yes","No","Unsure","24+ hours","No","No","Curiosity","Social Media","No","Technology;Art;Movies;Space;Sports;Business","7",""
"2019/11/12 12:29:54 PM EST","Yes","Male","Yes","37","5","5","5","Atheism","No","Yes","20","Yes","No","4+","Yes","Blue pill (Blissful Ignorance)","No","No","","Yes","I wish...","Logically","Yes","Yes","No","2 to 6 hours","No","Yes","Curiosity","Other","Yes","Technology;Art;Movies;Science Fiction;Space;Business;Social Events;Video Games;Pop-Culture","7",""
"2019/11/12 12:30:29 PM EST","Yes","Male","Yes","33","4","4","4","Non-Religious","Yes","Yes","50+","Yes","No","4+","Yes","Red pill (Knowledge)","No","Yes","Extreme event of coincidence where the chances of the event happening are astronomical.","I don't dislike him","No","Logically","Yes","Yes","Yes","2 to 6 hours","No","Yes","Curiosity","The News","Yes","Technology;Math;Science Fiction;Space;Video Games","6",""
"2019/11/12 12:31:24 PM EST","No","Male","Yes","39","3","2","3","Non-Religious","No","Yes","3","No","Yes","4+","Yes","Red pill (Knowledge)","No","No","","Yes","Yes","Logically","Yes","Yes","No","24+ hours","No","Yes","Curiosity","Other","Yes","Technology;Science Fiction;Space;Business;Video Games","1",""
"2019/11/12 12:35:44 PM EST","Yes","Male","Yes","21","4","4","4","Hinduism","Yes","Yes","15","No","No","4+","Yes","Red pill (Knowledge)","Yes","No","","Yes","I wish...","Logically","No","Yes","Yes","24+ hours","Yes","Yes","Curiosity","Elon Musk","Yes","Technology;Math;Science Fiction;Space","7",""
"2019/11/12 12:36:29 PM EST","No","Female","Unsure","20","3","4","2","Non-Religious","Yes","Yes","12","No","No","1","No","Have not seen ""The Matrix""","No","No","","No","No","Logically","Yes","No","Unsure","10 to 30 minutes","Yes","Yes","I don't like it but it doesn't really bother me","Social Media","Yes","Art;Movies;Social Events;Pop-Culture","5",""
"2019/11/12 12:40:07 PM EST","Yes","I'd rather not say","Yes","26","3","1","2","Non-Religious","No","Yes","1","Yes","No","3","Yes","Blue pill (Blissful Ignorance)","No","Yes","","Yes","No","Abstractly","Yes","Yes","No","10 to 30 minutes","No","Yes","Curiosity","Google","Yes","Technology;Art;Space","6",""
"2019/11/12 12:48:44 PM EST","Yes","Female","No","20","1","1","2","Non-Religious","No","Yes","1","Yes","No","4+","No","Have not seen ""The Matrix""","No","Yes","Many unexplainable coincidences","No","No","Abstractly","Yes","No","No","1 to 2 hours","No","Yes","apathy","Social Media","Yes","Art;Make-up Tutorials;Science Fiction;Pop-Culture","4",""
"2019/11/12 1:00:59 PM EST","Yes","Male","Unsure","14","4","4","3","Atheism","Yes","Yes","","No","Yes","4+","Yes","Red pill (Knowledge)","Yes","Yes","Having ""multiplayer"" dreams with friends and/or family, ""ghosts"" (example: my family owns a ""haunted house"" where lights and radios will turn on randomly, as well as doors closing, tvs turning on, etc. calling out for this ""ghost"" to close a door or turn off the radio works nearly 100% of the time). Astral Projection","Yes","I wish...","Logically","Yes","Yes","Yes","24+ hours","No","Yes","Curiosity","Youtube","Yes","Technology;Science Fiction;Space;Video Games","3",""
"2019/11/12 1:07:36 PM EST","Yes","Male","Yes","23","4","3","1","I dont practice religion per say but I was baptized and I am a Christian.","No","Yes","5","No","No","1","Yes","Red pill (Knowledge)","No","Yes","","Yes","No","Abstractly","Yes","Yes","Yes","2 to 6 hours","No","Yes","Excitement","Youtube","Yes","Technology;Art;Movies;Science Fiction;Space;Business;Video Games;Pop-Culture","6",""
"2019/11/12 1:11:56 PM EST","Yes","Male","No","18","5","3","4","Non-Religious","No","Yes","8","Yes","No","4+","Yes","Have not seen ""The Matrix""","No","Yes","Remembering myself in the womb ","Yes","I wish...","Abstractly","Yes","No","Yes","30 to 60 minutes","No","Yes","Curiosity","Elon Musk","Yes","Technology;Science Fiction;Business;Video Games","5",""
"2019/11/12 1:12:53 PM EST","Yes","Male","No","42","4","4","5","Non-Religious","Yes","Yes","10","Yes","No","4+","Yes","Red pill (Knowledge)","Yes","Yes","","Yes","No","Abstractly","No","Yes","Yes","24+ hours","No","No","Curiosity","Other","No","Technology;Art;Movies;Science Fiction;Sports;Pop-Culture","7",""
"2019/11/12 1:15:02 PM EST","No","Male","Unsure","","1","4","3","None (atheism is not a religion)","No","Yes","","No","No","0","Yes","Red pill (Knowledge)","No","No","","No","No","Logically","Yes","No","Yes","0 to 10 minutes","No","Yes","Despair","Other","Yes","Technology;Art;Space;Video Games;Medicine","3 (P.S. Since there is no comment section: I would answer the ""How many friends..."" question, but it is not possible to choose ""0"".)",""
"2019/11/12 1:21:27 PM EST","No","Male","Yes","39","4","3","3","Non-Religious","No","Yes","15","Yes","No","4+","Yes","Red pill (Knowledge)","Yes","No","","I don't dislike him","No","Logically","Yes","Yes","No","6 to 12 hours","No","Yes","Curiosity","Social Media","No","Technology;Movies;Science Fiction;Space;Sports;Video Games","6",""
"2019/11/12 1:22:52 PM EST","Yes","Male","No","44","3","5","4","Non-Religious","Yes","Yes","10","Yes","Yes","4+","Yes","Red pill (Knowledge)","Yes","No","","Yes","I wish...","Logically","Yes","Yes","No","24+ hours","No","Yes","Curiosity","Elon Musk","Yes","Technology;Movies;Science Fiction;Space;Sports;Business","7",""
"2019/11/12 1:25:45 PM EST","Yes","Male","Unsure","22","4","4","3","Non-Religious","Yes","Yes","10","No","No","0","No","Have not seen ""The Matrix""","Yes","Yes","","No","I wish...","Logically","Yes","No","Yes","1 to 2 hours","No","Yes","Curiosity","Social Media","No","Science Fiction;Sports;Business;Social Events;Video Games;Pop-Culture","4",""
"2019/11/12 1:28:34 PM EST","Yes","Male","Unsure","39","2","3","2","Non-Religious","No","Yes","11","No","No","4+","Yes","Red pill (Knowledge)","No","Yes","Ghosts. Ufo¬¥s. Deja vu, Coincidences, Mind reading, Guess things...","No","No","Logically","Yes","No","Yes","24+ hours","No","No","Depression","Other","No","Technology;Art;Culture, Music, Philosophy, Religion... And the sense of life!!!","7",""
"2019/11/12 1:35:35 PM EST","Yes","Male","Unsure","40","3","4","2","Don't know","No","Yes","1","Yes","No","4+","Yes","Red pill (Knowledge)","Yes","Yes","","I don't dislike him","I wish...","Abstractly","Yes","Yes","Yes","24+ hours","No","No","Rage","A Friend","No","Technology;Art;Movies;Science Fiction;Space","10",""
"2019/11/12 1:46:20 PM EST","Yes","Male","No","20","1","2","1","Hinduism","No","Yes","6","Yes","No","2","No","Have not seen ""The Matrix""","No","Yes","","Yes","I wish...","Abstractly","Yes","Yes","Yes","2 to 6 hours","No","Yes","Curiosity","Other","No","Technology;Art;Movies;Science Fiction;Space;Video Games;Pop-Culture","7",""
"2019/11/12 1:55:22 PM EST","Yes","Male","No","52","2","5","2","Christianity","No","Yes","5","No","No","2","Yes","Red pill (Knowledge)","No","Yes","alguien me habl√≥ del poder del 555, esa misma noche despert√© justo a las 5;55","No","No","Abstractly","No","Yes","Yes","30 to 60 minutes","No","Yes","uncerta","Social Media","No","Technology;Art;Make-up Tutorials;Movies;Science Fiction;Business;Video Games","7",""
"2019/11/12 1:56:21 PM EST","Yes","Male","Yes","22","4","4","3","Non-Religious","No","Yes","40","No","No","1","Yes","Red pill (Knowledge)","Yes","Yes","Same person walks by twice","Yes","No","Abstractly","Yes","No","Unsure","2 to 6 hours","No","Yes","Curiosity","Nick Bossom","Yes","Technology;Math;Science Fiction;Space;Business","6",""
"2019/11/12 2:29:54 PM EST","No","Male","Unsure","52","3","3","3","Atheism","Yes","Yes","0","No","No","4+","Yes","Red pill (Knowledge)","Yes","Yes","","No","No","Abstractly","Yes","Yes","Yes","24+ hours","No","No","Unsure","Social Media","No","Movies;Science Fiction;Sports;Pop-Culture;Literature","7",""
"2019/11/12 2:31:35 PM EST","No","Male","Unsure","16","2","3","2","Atheism","No","No","3","No","No","4+","Yes","Red pill (Knowledge)","Yes","No","","I don't dislike him","No","Logically","Yes","Yes","Unsure","6 to 12 hours","No","Yes","Depression","Other","Yes","Technology;Science Fiction;Video Games","6",""
"2019/11/12 2:42:55 PM EST","Yes","Female","Yes","20","5","4","4","Non-Religious","No","Yes","4","Yes","No","4+","No","Have not seen ""The Matrix""","No","Yes","","I don't dislike him","I wish...","Logically","Yes","No","Unsure","2 to 6 hours","No","Yes","Curiosity","Social Media","Yes","Technology;Art;Math;Make-up Tutorials;Science Fiction;Space;Video Games;Pop-Culture","6",""
"2019/11/12 2:48:10 PM EST","Yes","Female","No","22","4","4","3","Buddhism","No","Yes","2","Depends on the day","No","4+","No","Have not seen ""The Matrix""","No","Yes","Trump ","Yes","I wish...","Logically","Yes","No","Yes","24+ hours","No","Yes","Curiosity","Youtube","No","Technology;Space;Video Games","7",""
"2019/11/12 2:52:51 PM EST","No","Male","Yes","25","5","5","5","Non-Religious","No","Yes","3","Yes","No","0","Yes","Blue pill (Blissful Ignorance)","Yes","Yes","","Yes","No","Logically","Yes","Yes","No","1 to 2 hours","No","Yes","Happiness","Social Media","Yes","Technology;Movies;Science Fiction;Space;Business;Video Games","10",""
"2019/11/12 2:57:09 PM EST","Yes","Male","Unsure","42","3","3","3","Christianity","Yes","Yes","10","No","No","1","Yes","Red pill (Knowledge)","No","No","","I don't dislike him","No","Abstractly","Yes","Yes","Yes","10 to 30 minutes","No","Yes","Curiosity","Social Media","No","Technology;Art;Math;Make-up Tutorials;Space","7",""
"2019/11/12 2:57:24 PM EST","Yes","Female","Unsure","31","3","4","4","Islam","Yes","Yes","8","Depends on the day","No","4+","Yes","Red pill (Knowledge)","Yes","Yes","","I don't dislike him","I wish...","Logically","Yes","Yes","Yes","12 to 24 hours","Yes","Yes","Anxiety","Youtube","Yes","Technology;Art;Math;Science Fiction;Space;Business","8",""
"2019/11/12 3:07:45 PM EST","Yes","Apache attack helicopter","No","25","1","3","1","In the grimdark future, there is only war. ","Yes","Yes","2","No","No","4+","Yes","Red pill (Knowledge)","Yes","Yes","I have experienced the same event of me dying repeatedly aka Groundhog Day","Yes","I wish...","Abstractly","Yes","Yes","No","2 to 6 hours","Yes","Yes","Depression","Other","No","Technology;Science Fiction;Space;metaphysical self-realization","7",""
"2019/11/12 3:08:06 PM EST","Yes","Male","No","40","2","3","3","Atheism","Yes","Yes","6","Yes","No","4+","Yes","Red pill (Knowledge)","No","Yes","A shadow person stands out amongst a few things. ","No","No","Abstractly","Yes","Yes","Yes","12 to 24 hours","No","No","Curiosity","Other","No","Technology;Movies;Science Fiction;Space;Sports;Video Games","6",""
"2019/11/12 3:08:25 PM EST","Yes","Male","Unsure","27","4","4","3","Non-Religious","Yes","Yes","10","Yes","No","4+","Yes","Red pill (Knowledge)","Yes","No","","I don't dislike him","No","Logically","Yes","Yes","No","6 to 12 hours","No","Yes","Curiosity","Social Media","Yes","Technology;Art;Science Fiction;Video Games","9",""
"2019/11/12 3:10:13 PM EST","Yes","Male","No","23","1","5","2","Non-Religious","Yes","Yes","4","No","No","0","Yes","Red pill (Knowledge)","No","Yes","Hong Kong extradition law protests","No","No","Logically","No","No","Yes","0 to 10 minutes","No","Yes","Depression","Other","No","Technology;Art;Make-up Tutorials;Science Fiction;Space;Social Events;Video Games;Pop-Culture","10",""
"2019/11/12 3:12:21 PM EST","Yes","Male","Unsure","18","3","2","1","Non-Religious","Yes","Yes","8","Depends on the day","No","2","Yes","Red pill (Knowledge)","No","Yes","","Yes","I wish...","Logically","Yes","No","Yes","10 to 30 minutes","No","Yes","Curiosity","Other","Yes","Technology;Art;Movies;Science Fiction;Space;Video Games;Pop-Culture","7",""
"2019/11/12 3:14:00 PM EST","Yes","I'd rather not say","Unsure","36","5","4","4","But of truth in everything. Piecing together the puzzle as we expand our thinking.","Yes","Yes","2","Depends on the day","No","4+","Yes","Red pill (Knowledge)","No","No","","I don't dislike him","No","Abstractly","No","No","No","6 to 12 hours","No","Yes","Curiosity","Other","No","Technology;Art;Movies;Science Fiction","9",""
"2019/11/12 3:16:45 PM EST","No","Male","Unsure","23","1","1","1","Non-Religious","No","Yes","5","Yes","No","2","Yes","Red pill (Knowledge)","No","No","","I don't dislike him","No","Abstractly","Yes","Yes","Unsure","24+ hours","No","Yes","Curiosity","Youtube","Yes","Space;Video Games","6",""
"2019/11/12 3:17:22 PM EST","No","Male","Yes","18","4","4","3","Christianity","Yes","Yes","20","No","No","1","No","Have not seen ""The Matrix""","No","Yes","Couldn‚Äôt find a piece of clothing for a couple weeks. Put on a pair of pants and was wearing them and walking around for almost an hour straight. All of the sudden the piece of clothing id  been missing came out if the pants leg. No way it could have gotten in my pants, pants had been folded in dresser ever since I got to school and this was first time wearing them. Also, it was after washing the clothing that g to hey became lost. When putting laundry away I couldn‚Äôt find them. I figured I left them in washing machine (everyone on floor uses same one) and someone took them. But no, like 5 weeks later all the sudden come falling out of pants, and somehow I never felt them and it took an entire hour for them to come out.","Yes","I wish...","Logically","Yes","No","No","0 to 10 minutes","No","Yes","Curiosity","Youtube","Yes","Technology;Science Fiction;Space;Sports;Business","10",""
"2019/11/12 3:26:39 PM EST","Yes","Female","No","29","3","4","2","Non-Religious","Yes","Yes","2","No","No","4+","Yes","Red pill (Knowledge)","Yes","Yes","","I don't dislike him","I wish...","Abstractly","Yes","Yes","Unsure","24+ hours","No","No","Curiosity","Other","No","Technology;Art;Movies;Science Fiction;Space","5",""
"2019/11/12 3:28:36 PM EST","Yes","Female","No","29","4","4","3","Christianity","No","Yes","3","Yes","No","2","Yes","Red pill (Knowledge)","No","No","","No","No","Abstractly","Yes","No","Yes","24+ hours","Yes","No","Depression","Youtube","No","Technology;Art;Movies;Science Fiction;Pop-Culture","10",""
"2019/11/12 3:30:01 PM EST","Yes","Male","No","31","5","5","2","Hinduism","No","Yes","2","No","No","4+","Yes","Red pill (Knowledge)","Yes","Yes","","Yes","No","Logically","Yes","Yes","Yes","24+ hours","No","Yes","Curiosity","A Friend","Yes","Technology;Art;Math;Movies;Science Fiction;Space;Video Games","4",""
"2019/11/12 3:32:32 PM EST","No","Male","Yes","20","4","4","4","Atheism","No","Yes","40","Yes","Yes","4+","Yes","Red pill (Knowledge)","Yes","Yes","","No","No","Logically","Yes","Yes","No","1 to 2 hours","No","Yes","Apathetic","Youtube","No","Technology;Art;Science Fiction;Pop-Culture","2",""
"2019/11/12 3:41:44 PM EST","Yes","Male","Yes","33","4","3","4","Non-Religious","No","Yes","20","Yes","No","4+","Yes","Red pill (Knowledge)","No","No","","I don't dislike him","No","Logically","Yes","No","Unsure","6 to 12 hours","Yes","Yes","Sadness","Youtube","No","Technology;Art;Space;Sports","2",""
"2019/11/12 3:43:56 PM EST","Yes","I'd rather not say","No","36","3","3","3","Hinduism","Yes","Yes","5","Depends on the day","No","4+","Yes","Red pill (Knowledge)","No","No","","Yes","I wish...","Logically","Yes","Yes","Yes","24+ hours","No","Yes","Curiosity","Google","No","Technology;Movies;Science Fiction;Space;Video Games","10",""
"2019/11/12 3:48:31 PM EST","No","Male","Yes","18","3","3","5","Non-Religious","No","Yes","6","Yes","No","1","No","Have not seen ""The Matrix""","No","No","","Yes","I wish...","Logically","Yes","Yes","No","2 to 6 hours","No","Yes","i don't really care","Youtube","Yes","Technology;Art;Science Fiction;Video Games;Pop-Culture","6",""
"2019/11/12 3:48:49 PM EST","No","Male","Unsure","34","3","3","2","Non-Religious","No","Yes","3","Yes","No","4+","Yes","Red pill (Knowledge)","No","Yes","mandela effect on certain memories. perception of time. ","No","No","Logically","Yes","No","Yes","24+ hours","No","Yes","Depression","Other","Yes","Art;Movies;Science Fiction;Video Games;Pop-Culture;music","1",""
"2019/11/12 3:49:36 PM EST","Yes","Male","No","33","3","5","3","Christianity","Yes","Yes","5","No","No","4+","Yes","Red pill (Knowledge)","Yes","Yes","Errors on the street. Lote of Conversations very repetead.","Yes","I wish...","Logically","No","Yes","Yes","24+ hours","No","Yes","Seek similar people","Youtube","No","Technology;Art;Movies;Science Fiction;Space;Video Games;Pop-Culture;History manipulation","4",""
"2019/11/12 3:56:02 PM EST","Yes","Male","No","34","5","5","5","Non-Religious","Yes","Yes","0","Yes","No","2","Yes","Red pill (Knowledge)","Yes","Yes","","Yes","No","Logically","Yes","Yes","No","2 to 6 hours","No","Yes","Excitement","Youtube","Yes","Pop-Culture","6",""
"2019/11/12 3:56:15 PM EST","No","Male","Yes","23","5","5","3","All religions are accepted but none are actively practiced ","No","Yes","7","Yes","No","2","Yes","Red pill (Knowledge)","No","No","","Yes","I wish...","Abstractly","Yes","No","Yes","1 to 2 hours","No","Yes","Excitement","Other","No","Technology;Art;Math;Space;Business","I don‚Äôt like to do what I‚Äôm told so I can feel in control. Therefore, I don‚Äôt pick a number. Thanks for the thought provoking survey. Looking forward to results!",""
"2019/11/12 4:02:18 PM EST","No","Male","Yes","31","3","2","3","Atheism","No","Yes","3","No","No","3","Yes","Red pill (Knowledge)","Yes","No","","I don't dislike him","No","Logically","Yes","Yes","No","12 to 24 hours","No","Yes","Curiosity","Other","No","Technology;Movies;Science Fiction;Space;Video Games","4",""
"2019/11/12 4:03:50 PM EST","Yes","Male","Yes","48","4","3","3","Non-Religious","No","Yes","1","Yes","No","4+","Yes","Red pill (Knowledge)","Yes","Yes","","Yes","I wish...","Logically","Yes","Yes","No","24+ hours","No","Yes","Curiosity","Other","No","Technology;Art;Movies","7",""
"2019/11/12 4:14:40 PM EST","Yes","Male","No","22","3","3","3","Other","Yes","Yes","4","Yes","Yes","4+","Yes","Blue pill (Blissful Ignorance)","Yes","No","","Yes","No","Logically","Yes","Yes","Unsure","24+ hours","No","Yes","None ","A Friend","No","Technology;Math;Movies;Science Fiction;Space;Video Games;Pop-Culture","7",""
"2019/11/12 4:33:16 PM EST","Yes","Male","No","","3","5","4","Non-Religious","Yes","Yes","5","No","No","4+","Yes","Red pill (Knowledge)","No","Yes","","No","No","Abstractly","No","Yes","No","24+ hours","No","No","Sadness","Other","No","Art;Movies;Sports","9",""
"2019/11/12 4:45:19 PM EST","Yes","Male","Unsure","39","3","3","3","Christianity","No","Yes","3","Yes","No","1","Yes","Red pill (Knowledge)","No","Yes","","No","No","Logically","Yes","Yes","No","12 to 24 hours","Yes","Yes","Sadness","Google","No","Technology;Art;Movies;Science Fiction;Sports;Video Games;Pop-Culture","7",""
"2019/11/12 4:47:15 PM EST","Yes","Male","Yes","28","4","3","4","Non-Religious","No","Yes","3","Yes","No","4+","Yes","Red pill (Knowledge)","No","No","","I don't dislike him","I wish...","Logically","Yes","Yes","No","12 to 24 hours","No","Yes","Curiosity","Youtube","Yes","Technology;Science Fiction;Space;Video Games","999",""
"2019/11/12 5:00:01 PM EST","No","Male","Unsure","18","3","1","4","Non-Religious","Yes","Yes","7","No","Yes","0","No","Have not seen ""The Matrix""","No","No","","I don't dislike him","No","Logically","Yes","No","Unsure","0 to 10 minutes","No","Yes","Anxiety","This survey","Yes","Technology;Art;Movies;Science Fiction","4",""
"2019/11/12 5:07:25 PM EST","Yes","Male","Unsure","21","3","4","2","Non-Religious","Yes","Yes","3","Yes","No","2","Yes","Red pill (Knowledge)","No","Yes","Things being not quite how they were as when glancing away for a moment but never being able to tell whats different","I don't dislike him","I wish...","Logically","Yes","No","No","2 to 6 hours","Yes","Yes","Curiosity","Other","Yes","Technology;Art;Math;Science Fiction;Space;Video Games;Pop-Culture","7",""
"2019/11/12 5:21:06 PM EST","No","Female","Yes","36","5","4","3","Unknown","No","Yes","6","Yes","Yes","4+","Yes","Red pill (Knowledge)","No","No","","No","No","Logically","No","No","No","6 to 12 hours","No","Yes","Curiosity","A Friend","Yes","Technology;Art;Math;Science Fiction;Sports;Video Games","5",""
"2019/11/12 5:28:24 PM EST","No","Male","Yes","27","4","4","4","Buddhism","Yes","Yes","50+","Yes","Yes","4+","Yes","Red pill (Knowledge)","No","Yes","","Yes","I wish...","Logically","Yes","Yes","Unsure","24+ hours","No","Yes","Depression","Other","Yes","Technology;Art;Math;Movies;Science Fiction;Space;Business;Social Events;Video Games","7",""
"2019/11/12 5:30:26 PM EST","No","Female","Yes","39","3","4","2","Atheism","No","Yes","1","Depends on the day","No","1","Yes","Red pill (Knowledge)","No","No","","Yes","I wish...","Logically","Yes","No","Yes","10 to 30 minutes","No","Yes","Sadness","A Friend","Yes","Technology;Art;Movies;Science Fiction;Space;Video Games","9",""
"2019/11/12 5:30:29 PM EST","No","Female","Yes","14","4","3","2","Non-Religious","Yes","Yes","3","No","No","1","Yes","Red pill (Knowledge)","No","No","","I don't dislike him","No","Logically","Yes","No","Yes","10 to 30 minutes","No","Yes","Curiosity","A Friend","Yes","Math;Movies;Science Fiction;Space","4",""
"2019/11/12 5:35:38 PM EST","Yes","Male","Unsure","23","2","2","2","Hellenic","Yes","Yes","6","Yes","No","0","No","Have not seen ""The Matrix""","No","Yes","","No","No","Abstractly","Yes","No","No","0 to 10 minutes","Yes","Yes","Curiosity","This survey","Yes","Technology;Art;Movies;Science Fiction;Space;Video Games;Pop-Culture;Literature ","6",""
"2019/11/12 5:51:40 PM EST","No","Male","Yes","17","5","4","4","Non-Religious","Yes","Yes","10","Depends on the day","No","2","Yes","Blue pill (Blissful Ignorance)","No","No","","Yes","I wish...","Abstractly","Yes","Yes","No","10 to 30 minutes","No","Yes","Curiosity","A Friend","Yes","Technology;Art;Movies;Science Fiction;Space;Social Events;Video Games","420",""
"2019/11/12 6:01:07 PM EST","Yes","Female","Unsure","25","3","2","4","Non-Religious","No","Yes","13","Depends on the day","No","0","No","Have not seen ""The Matrix""","No","Yes","","No","No","Abstractly","Yes","Yes","No","10 to 30 minutes","No","Yes","Curiosity","A Friend","Yes","Art;Movies;Social Events;Pop-Culture","7",""
"2019/11/12 6:08:27 PM EST","Yes","Male","Yes","33","5","5","4","Gnostic","No","Yes","50+","Yes","No","4+","Yes","Red pill (Knowledge)","Yes","Yes","With DMT","Yes","No","Logically","Yes","Yes","Yes","24+ hours","Yes","Yes","Curiosity","Nick Bossom","Yes","Technology;Movies;Science Fiction;Space;Business;Social Events;Video Games;Pop-Culture","4",""
"2019/11/12 6:19:01 PM EST","Yes","Male","Yes","27","4","5","4","Non-Religious","Yes","Yes","10","Yes","No","4+","Yes","Red pill (Knowledge)","No","No","","I don't dislike him","I wish...","Logically","Yes","Yes","Yes","12 to 24 hours","No","Yes","Curiosity","Google","Yes","Technology;Math;Science Fiction;Space;Sports","9",""
"2019/11/12 6:19:04 PM EST","No","Male","Unsure","28","2","2","2","Gnostic ","Yes","Yes","1","Depends on the day","No","4+","Yes","Red pill (Knowledge)","No","Yes","","I don't dislike him","No","Abstractly","Yes","Yes","Yes","12 to 24 hours","No","No","Curiosity","Other","Yes","Movies;Sports;Video Games;Books, History","7",""
"2019/11/12 6:25:27 PM EST","No","Male","No","27","4","4","5","Non-Religious","Yes","Yes","3","Yes","No","3","Yes","Red pill (Knowledge)","No","Yes","","I don't dislike him","No","Abstractly","Yes","Yes","No","30 to 60 minutes","No","No","Depression","Youtube","Yes","Technology;Art;Math;Science Fiction;Space;Video Games","3",""
"2019/11/12 6:27:32 PM EST","No","Male","Yes","30","4","4","3","Non-Religious","No","Yes","10","Depends on the day","Yes","4+","Yes","Red pill (Knowledge)","No","No","","Yes","No","Logically","Yes","No","Yes","2 to 6 hours","No","Yes","Curiosity","Other","Yes","Technology;Art;Movies;Science Fiction;Video Games","3",""
"2019/11/12 6:27:52 PM EST","Yes","Male","Yes","32","3","3","3","Non-Religious","No","Yes","3","Yes","Yes","4+","Yes","Red pill (Knowledge)","Yes","Yes","‚ÄúWords‚Äù won‚Äôt do it justice...","Yes","No","Logically","Yes","Yes","Yes","24+ hours","No","Yes","Excitement","Other","No","Technology;Art;Math;Movies;Science Fiction;Space;Sports;Business;Social Events;Video Games;Pop-Culture;Archeology, History, Mythology, Physics, Astro Physics, Quantum Physics, Quantum Computing...","26",""
"2019/11/12 6:45:17 PM EST","Yes","Male","Unsure","33","3","4","4","Non-Religious","Yes","Yes","2","No","No","4+","Yes","Red pill (Knowledge)","No","No","","Yes","No","Logically","Yes","Yes","Unsure","6 to 12 hours","No","Yes","Curiosity","Other","Yes","Technology;Art;Math;Movies;Science Fiction;Space;Video Games","7",""
"2019/11/12 6:50:33 PM EST","Yes","Male","Yes","41","4","4","4","Atheism","Yes","Yes","30","Depends on the day","Yes","4+","Yes","Red pill (Knowledge)","No","No","","Yes","I wish...","Logically","Yes","Yes","No","2 to 6 hours","No","Yes","Indifference ","Other","Yes","Technology;Art;Movies;Science Fiction;Space;Video Games","7",""
"2019/11/12 7:01:02 PM EST","Yes","Male","Yes","27","4","4","4","Non-Religious","No","Yes","3","Yes","No","4+","Yes","Red pill (Knowledge)","No","No","","Yes","I wish...","Abstractly","Yes","No","Unsure","2 to 6 hours","No","Yes","Curiosity","Google","No","Technology;Science Fiction;Space;Video Games","8",""
"2019/11/12 7:25:45 PM EST","Yes","Male","Unsure","31","4","4","4","Non-Religious","No","Yes","5","Depends on the day","No","4+","Yes","Red pill (Knowledge)","Yes","No","","Yes","I wish...","Logically","Yes","Yes","Yes","24+ hours","Yes","Yes","Curiosity","Elon Musk","No","Technology;Movies;Space;Sports;Business","10",""
"2019/11/12 7:34:56 PM EST","Yes","Male","Unsure","25","2","2","3","Non-Religious","No","Yes","10","Yes","No","4+","Yes","Red pill (Knowledge)","No","Yes","","I don't dislike him","No","Logically","Yes","Yes","Unsure","24+ hours","No","Yes","Curiosity","Other","No","Technology;Art;Movies;Science Fiction;Space;Video Games;Pop-Culture","0",""
"2019/11/12 7:39:57 PM EST","Yes","Male","No","23","2","3","3","Non-Religious","No","Yes","3","Yes","No","0","No","Have not seen ""The Matrix""","No","No","","Yes","No","Logically","Yes","No","Unsure","10 to 30 minutes","Yes","No","Curiosity","A Friend","No","Technology;Space;Video Games;ocean","5",""
"2019/11/12 7:49:36 PM EST","Yes","Male","Yes","29","1","2","2","Atheism","No","Yes","1","No","No","2","Yes","Red pill (Knowledge)","No","Yes","","I don't dislike him","I wish...","Logically","Yes","Yes","No","6 to 12 hours","No","Yes","Depression","Other","Yes","Technology;Art;Math;Science Fiction;Space","5",""
"2019/11/12 7:54:18 PM EST","No","Male","Yes","26","3","4","4","Atheism","No","No","12","Depends on the day","No","2","Yes","Red pill (Knowledge)","No","No","","I don't dislike him","No","Abstractly","Yes","Yes","No","30 to 60 minutes","No","Yes","Sadness","A Friend","Yes","Technology;Science Fiction;Space;Business;Video Games;Pop-Culture","8",""
"2019/11/12 7:56:20 PM EST","Yes","I'd rather not say","Unsure","26","4","4","2","Non-Religious","Yes","Yes","10","Yes","Yes","2","Yes","Red pill (Knowledge)","Yes","Yes","A flash of white light followed by a panic attack and a new outlook on life. The world became more clear.","Yes","No","Abstractly","Yes","Yes","Yes","12 to 24 hours","No","Yes","Curiosity","Other","Yes","Technology;Art;Video Games;Pop-Culture","10",""
"2019/11/12 8:05:19 PM EST","No","Male","Yes","17","2","5","3","Christianity","Yes","Yes","6","No","No","4+","Yes","Red pill (Knowledge)","No","No","","No","No","Logically","No","Yes","No","24+ hours","No","Yes","Doesn‚Äôt bother me it‚Äôs just another cog in the wheel of life","Youtube","No","Technology;Space;Business;Video Games","No.",""
"2019/11/12 8:18:35 PM EST","No","Female","Yes","24","3","1","1","Non-Religious","Yes","Yes","5","No","No","0","No","Have not seen ""The Matrix""","No","No","","No","No","Logically","Yes","No","No","10 to 30 minutes","No","Yes","Curiosity","Other","No","Technology;Art;Movies","1.45599425789653266832357890000000000000000009999999999999999999999888888887765432111113463756666737368074246851196106206106012062060202020220062206206020626200260220606220620626020662060201620626196911966911969161966196911966191961961616169169162626207072072207702206270207072027277237378348944959506060066060600605959549484848873377373732726261515515151155151627273733783484995055006060606060650005505005595959594944949944948448848337722762",""
"2019/11/12 8:35:23 PM EST","Yes","Male","Yes","","4","5","4","Christianity","No","Yes","","No","No","0","Yes","Red pill (Knowledge)","No","Yes","","I don't dislike him","No","Logically","No","Yes","No","0 to 10 minutes","No","Yes","  -","Other","Yes","Technology;Art;Movies","4",""
"2019/11/12 8:40:36 PM EST","Yes","Male","Unsure","31","3","4","4","Agnostic","Yes","Yes","10","Yes","No","4+","Yes","Red pill (Knowledge)","No","Yes","As a follower of the Mandela Effect, I have experienced 1st hand the Fintstones and Apollo 13 Flip Flops","No","No","Logically","Yes","No","No","6 to 12 hours","No","Yes","Depression","Social Media","Yes","Art;Math;Movies;Science Fiction;Space;Sports;Video Games","7",""
"2019/11/12 8:47:33 PM EST","Yes","Female","No","32","2","3","3","Non-Religious","Yes","Yes","10","Yes","No","4+","Yes","Red pill (Knowledge)","No","No","","I don't dislike him","No","Abstractly","No","Yes","Unsure","24+ hours","No","Yes","Anxiety","Other","Yes","Technology;Movies;Science Fiction;Space;Social Events;Video Games","10",""
"2019/11/12 8:51:55 PM EST","Yes","Male","Yes","42","3","4","2","Atheism","No","No","5","No","No","4+","Yes","Red pill (Knowledge)","Yes","Yes","A confident moment where I know something was different. ","I don't dislike him","No","Logically","Yes","Yes","No","24+ hours","No","Yes","Curiosity","Nick Bossom","Yes","Technology;Math;Movies;Science Fiction;Sports;Business;Video Games","8",""
"2019/11/12 9:41:55 PM EST","Yes","Female","Unsure","47","3","3","2","Non-Religious","Yes","Yes","6","Depends on the day","No","4+","Yes","Red pill (Knowledge)","No","Yes","","I don't dislike him","I wish...","Abstractly","Yes","Yes","Unsure","12 to 24 hours","No","Yes","Curiosity","Social Media","Yes","Technology;Art;Movies;Science Fiction;Space;Business","2",""
"2019/11/12 9:48:41 PM EST","No","Male","Unsure","34","3","4","5","Non-Religious","Yes","Yes","3","No","No","3","Yes","Red pill (Knowledge)","No","Yes","","Yes","No","Abstractly","Yes","Yes","No","1 to 2 hours","No","Yes","Curiosity","Other","Yes","Technology;Art;Movies;Science Fiction;Space;Video Games;Pop-Culture","4",""
"2019/11/12 9:50:58 PM EST","No","nigger ","Yes","15","4","4","5","Islam","No","No","50+","No","No","0","No","Have not seen ""The Matrix""","No","No","","Yes","I wish...","Logically","No","No","Yes","0 to 10 minutes","Yes","Yes","Anxiety","Social Media","Yes","Art;Math;Movies;Sports;Business;Video Games;porn","Fuck You NIGGER NIGGER NIGGER",""
"2019/11/12 10:25:18 PM EST","Yes","Male","Unsure","33","2","2","2","Non-Religious","Yes","Yes","3","No","No","4+","Yes","Red pill (Knowledge)","Yes","Yes","Numerology synchronicity in my reality.","I don't dislike him","I wish...","Logically","Yes","No","Yes","1 to 2 hours","Yes","Yes","Curiosity","Google","No","Technology;Movies;Science Fiction;Space;Sports;Video Games","23",""
"2019/11/12 10:26:27 PM EST","Yes","Female","Unsure","31","4","5","3","Christianity","No","Yes","2","Depends on the day","Yes","2","Yes","Red pill (Knowledge)","No","Yes","","No","No","Logically","Yes","No","No","10 to 30 minutes","No","Yes","Curiosity","Other","Yes","Technology;Art;Math;Business;Video Games","8",""
"2019/11/12 10:32:04 PM EST","Yes","Male","Yes","39","4","3","2","Christianity","No","Yes","20","Yes","No","4+","Yes","Red pill (Knowledge)","No","No","","Yes","I wish...","Logically","Yes","Yes","No","6 to 12 hours","Yes","Yes","Curiosity","Youtube","Yes","Technology;Math;Movies;Science Fiction;Space;Business;Video Games;Pop-Culture","7",""
"2019/11/12 11:43:37 PM EST","Yes","Male","No","17","2","1","1","Non-Religious","No","Yes","8","No","No","4+","Yes","Red pill (Knowledge)","No","Yes","Rainbow","Yes","No","Logically","No","Yes","Yes","30 to 60 minutes","No","Yes","Excitement","Elon Musk","Yes","Technology;Math;Video Games;Pop-Culture","4",""
"2019/11/12 11:51:37 PM EST","No","Male","Yes","20","3","3","3","Christianity","Yes","Yes","6","Yes","Yes","4+","Yes","Red pill (Knowledge)","No","Yes","","Yes","No","Logically","Yes","No","Yes","30 to 60 minutes","No","Yes","Anxiety","Youtube","No","Technology;Science Fiction;Space;Video Games","4",""
"2019/11/12 11:58:04 PM EST","Yes","Male","No","22","2","3","4","Christianity","Yes","No","5","Depends on the day","Yes","2","Yes","Red pill (Knowledge)","No","Yes","","I don't dislike him","No","Abstractly","Yes","No","Yes","30 to 60 minutes","Yes","No","Anxiety","Social Media","No","Art;Movies;Science Fiction;Space;Sports;Business","5",""
"2019/11/13 12:37:21 AM EST","No","Male","Unsure","25","3","3","3","Non-Religious","Yes","Yes","7","Depends on the day","Yes","0","Yes","Red pill (Knowledge)","No","Yes","","I don't dislike him","I wish...","Abstractly","Yes","No","Yes","30 to 60 minutes","No","No","Depression","A Friend","No","Technology;Art;Movies;Science Fiction;Space;Sports;Video Games;Pop-Culture","1",""
"2019/11/13 12:46:32 AM EST","Yes","Male","Yes","32","5","5","1","Non-Religious","Yes","Yes","0","Yes","No","2","Yes","Red pill (Knowledge)","Yes","Yes","Confidential ","Yes","No","Abstractly","Yes","Yes","Yes","24+ hours","No","No","We can escape dude","Other","Yes","Technology;Art;Science Fiction;Esotericism ","5",""
"2019/11/13 12:47:29 AM EST","Yes","Male","Unsure","30","4","4","4","Christianity","No","Yes","6","Depends on the day","Yes","3","Yes","Red pill (Knowledge)","No","Yes","","I don't dislike him","No","Logically","Yes","No","No","1 to 2 hours","No","Yes","Curiosity","Other","Yes","Technology;Art;Movies;Science Fiction;Sports;Video Games;Pop-Culture","10",""
"2019/11/13 12:49:41 AM EST","No","Female","Unsure","15","3","2","2","Non-Religious","No","Yes","7","Yes","No","2","No","Have not seen ""The Matrix""","No","No","","I don't dislike him","No","Abstractly","Yes","No","Unsure","0 to 10 minutes","No","Yes","Curiosity","Other","Yes","Technology;Art;Math;Video Games;Pop-Culture","4",""
"2019/11/13 1:31:34 AM EST","Yes","Male","Unsure","18","4","3","5","Christianity","Yes","Yes","10","No","No","4+","Yes","Red pill (Knowledge)","No","Yes","","Yes","I wish...","Abstractly","Yes","No","No","1 to 2 hours","No","No","Curiosity","Youtube","No","Technology;Art;Movies;Space;Video Games","8",""
"2019/11/13 3:18:57 AM EST","Yes","Male","No","25","1","2","1","Non-Religious","Yes","Yes","5","No","No","1","Yes","Red pill (Knowledge)","No","No","","Yes","No","Logically","Yes","Yes","Unsure","1 to 2 hours","No","Yes","Curiosity","Youtube","No","Technology;Art;Science Fiction;Space;Video Games","3",""
"2019/11/13 4:00:35 AM EST","Yes","Male","Unsure","30","4","4","5","Hinduism","No","Yes","4","No","Yes","4+","Yes","Red pill (Knowledge)","Yes","Yes","","Yes","I wish...","Logically","Yes","Yes","Yes","2 to 6 hours","No","Yes","Curiosity","Google","No","Technology;Math;Science Fiction;Space;Business","6",""
"2019/11/13 4:25:42 AM EST","No","Male","Yes","23","4","4","5","Christianity","Yes","No","3","Yes","No","1","Yes","Red pill (Knowledge)","No","Yes","Draymond green, and good morning america weather guy","I don't dislike him","No","Logically","Yes","No","Yes","30 to 60 minutes","Yes","Yes","Depression","Other","Yes","Technology;Art;Movies;Space;Sports;Video Games","3",""
"2019/11/13 6:01:24 AM EST","Yes","Male","Unsure","17","2","1","3","Christianity","Yes","Yes","5","Yes","No","0","Yes","Blue pill (Blissful Ignorance)","Yes","Yes","","I don't dislike him","No","Logically","Yes","Yes","No","24+ hours","Yes","Yes","Curiosity","Nick Bossom","No","Math;Movies;Social Events;Video Games","7",""
"2019/11/13 8:28:58 AM EST","No","Female","No","14","1","1","1","Atheism","Yes","Yes","4","Yes","No","2","No","Have not seen ""The Matrix""","No","No","","No","No","Abstractly","Yes","No","Unsure","30 to 60 minutes","No","Yes","Curiosity","Neil Degrasse Tyson","No","Technology;Make-up Tutorials;Science Fiction;Space;Video Games","7",""
"2019/11/13 9:42:59 AM EST","Yes","Female","Unsure","20","2","3","3","Non-Religious","Yes","Yes","10","Yes","No","0","No","Have not seen ""The Matrix""","No","Yes","","I don't dislike him","No","Abstractly","Yes","No","Yes","30 to 60 minutes","No","Yes","Confusion","Social Media","No","Technology;Art;Make-up Tutorials;Science Fiction;Video Games","0",""
"2019/11/13 11:13:59 AM EST","No","Female","Yes","26","4","3","3","Christianity","No","Yes","15","No","No","3","No","Have not seen ""The Matrix""","No","No","","No","No","Abstractly","No","No","Unsure","0 to 10 minutes","No","Yes","Curiosity","Other","No","Technology;Art;Science Fiction;Space;Business","2",""
"2019/11/13 12:19:39 PM EST","No","Male","Yes","21","4","4","5","Christianity","No","Yes","2","No","No","4+","No","Have not seen ""The Matrix""","Yes","Yes","","I don't dislike him","No","Logically","No","No","No","1 to 2 hours","No","Yes","Indifference ","Youtube","Yes","Technology;Art;Movies;Business;Social Events;Video Games","7",""
"2019/11/13 4:20:22 PM EST","Yes","Male","Unsure","","2","2","3","Christianity","Yes","Yes","3","Depends on the day","No","4+","No","Have not seen ""The Matrix""","No","Yes","","Yes","I wish...","Logically","Yes","No","Unsure","2 to 6 hours","No","Yes","Curiosity","Youtube","No","Technology;Sports;Video Games;Pop-Culture","10",""
"2019/11/13 8:25:57 PM EST","Yes","Male","Unsure","16","4","2","3","Atheism","No","Yes","10","Depends on the day","Yes","4+","No","Have not seen ""The Matrix""","Yes","Yes","","Yes","I wish...","Abstractly","Yes","Yes","Unsure","2 to 6 hours","No","Yes","Sadness","Youtube","Yes","Technology;Math;Movies;Science Fiction;Space;Video Games","3",""
"2019/11/13 10:41:11 PM EST","Yes","Male","No","45","2","5","3","Non-Religious","Yes","Yes","5","No","No","4+","Yes","Red pill (Knowledge)","No","Yes","Mandela effect","No","No","Abstractly","No","No","Yes","2 to 6 hours","No","No","Sadness","Other","No","Technology;Art;Movies;Science Fiction;Business;Social Events","7",""
"2019/11/14 5:58:23 AM EST","Yes","Male","Unsure","23","5","5","4","Stuck between Islam and Non-Religious, not sure","No","Yes","3","Yes","No","4+","Yes","Red pill (Knowledge)","Yes","Yes","I was thinking (key word thinking) about the quote ‚ÄúThe Good Die Young‚Äù due to personal reasons, and the next night I got suggested a video from 50 Cent titled ‚ÄúThe Good Die Young‚Äù. 

I didnt search anywhere online about that quote, let alone say it to anyone as I literally had a thought about it. I havent listened to any 50 Cent in YEARS either. (I have so many other stories I‚Äôve told my friends over the years)","Yes","I wish...","Logically","Yes","Yes","Unsure","12 to 24 hours","No","Yes","All of the above","Social Media","Yes","Technology;Movies;Science Fiction;Space;Sports;Business;Social Events;Video Games","1",""
"2019/11/14 9:31:52 AM EST","Yes","Female","Unsure","21","1","1","1","Non-Religious","Yes","Yes","2","Depends on the day","No","3","No","Have not seen ""The Matrix""","No","Yes","","I don't dislike him","No","Abstractly","Yes","No","Unsure","12 to 24 hours","Yes","No","Curiosity","Social Media","No","Movies;Pop-Culture","7",""
"2019/11/14 10:41:07 AM EST","Yes","Male","No","41","4","5","5","Atheism","No","Yes","20","Yes","No","2","Yes","Red pill (Knowledge)","No","Yes","in the sunset","No","No","Logically","Yes","Yes","Yes","24+ hours","No","No","Curiosity","Google","No","Technology;Space;Video Games;Music","8",""
"2019/11/14 11:17:28 AM EST","No","Female","Yes","14","5","3","2","Non-Religious","Yes","Yes","7","No","No","0","No","Have not seen ""The Matrix""","No","No","","No","No","Logically","No","No","Unsure","0 to 10 minutes","No","Yes","Anxiety","This survey","Yes","Video Games","3",""
"2019/11/14 3:54:24 PM EST","Yes","Male","Yes","18","2","2","1","Christianity","No","Yes","5","No","No","4+","Yes","Red pill (Knowledge)","No","No","","No","No","Logically","Yes","Yes","No","6 to 12 hours","No","Yes","Happiness","Other","No","Technology;Space;Video Games","7",""
"2019/11/14 4:58:00 PM EST","No","Male","No","36","2","2","1","Non-Religious","Yes","Yes","4","Yes","No","4+","Yes","Red pill (Knowledge)","No","Yes","","I don't dislike him","No","Logically","No","Yes","No","24+ hours","No","Yes","Curiosity","Google","No","Science Fiction;Space;Video Games","23",""
"2019/11/14 8:05:05 PM EST","Yes","Female","Unsure","20","4","4","3","Atheism","No","Yes","23","No","No","4+","No","Have not seen ""The Matrix""","No","Yes","I was in the subway with some friends and we were in station blue, then passed station green and we were supposed to arrive to station red but we arrived to station green again. We are 4 people who saw that","I don't dislike him","I wish...","Logically","Yes","Yes","No","0 to 10 minutes","No","Yes","I feel nothing, there's nothing we can do about it, what does it matter? Ok, sometimes it makes me anxious","A Friend","Yes","Art;Science Fiction;Pop-Culture;Science and medicine","7",""
"2019/11/15 6:01:19 AM EST","Yes","Female","Yes","19","3","3","3","Non-Religious","No","Yes","9","No","No","0","Yes","Red pill (Knowledge)","No","Yes","While I was practicing vipassanna on a 10 day silent course.  I thought of my boyfriend cheating on me.  I went through the whole event in my mind and how I would handle it.  A week later he confessed. And it was at the exact day and estimated time that I thought of it.  ","I don't dislike him","No","Abstractly","Yes","No","Yes","30 to 60 minutes","No","Yes","Indifference ","Other","No","Technology;Art;Math;Movies;Science Fiction;Space;Sports","2",""
"2019/11/15 5:49:50 PM EST","Yes","Female","No","50","2","4","4","Christianity","Yes","Yes","2","No","No","0","Yes","Red pill (Knowledge)","No","Yes","","No","No","Logically","Yes","No","Yes","10 to 30 minutes","No","Yes","Curiosity","Other","No","Movies;Science Fiction;Sports","3",""
"2019/11/16 11:09:44 AM EST","No","Male","Yes","18","4","5","5","Non-Religious","No","No","6","No","No","2","Yes","Red pill (Knowledge)","No","No","","No","No","Logically","Yes","Yes","No","0 to 10 minutes","No","Yes","Curiosity","Other","Yes","Technology;Math;Science Fiction;Space","6",""
"2019/11/16 2:57:43 PM EST","No","Male","Yes","27","3","4","3","Atheism","No","Yes","5","No","No","1","No","Have not seen ""The Matrix""","No","No","","I don't dislike him","No","Logically","Yes","Yes","No","0 to 10 minutes","No","Yes","Curiosity","Google","Yes","Technology;Movies;Science Fiction;Space","11",""
"2019/11/16 3:16:11 PM EST","Yes","Male","Yes","37","4","4","2","Christianity","No","No","2","No","No","0","Yes","Red pill (Knowledge)","No","No","","I don't dislike him","I wish...","Logically","Yes","Yes","Unsure","1 to 2 hours","No","Yes","Anxiety","Other","Yes","Technology;Math;Science Fiction","7",""
"2019/11/16 3:23:17 PM EST","No","Male","Yes","19","4","4","3","Non-Religious","Yes","Yes","4","Depends on the day","No","4+","Yes","Red pill (Knowledge)","No","No","","Yes","I wish...","Logically","Yes","Yes","Yes","1 to 2 hours","No","Yes","Curiosity","Social Media","Yes","Technology;Movies;Science Fiction;Space;Business;Video Games;Pop-Culture","7",""
"2019/11/16 3:37:26 PM EST","No","Male","Yes","40","4","2","2","Atheism","Yes","Yes","10","No","No","4+","Yes","Red pill (Knowledge)","Yes","No","","I don't dislike him","I wish...","Abstractly","Yes","Yes","No","2 to 6 hours","No","Yes","Curiosity","The News","No","Technology;Math;Movies;Science Fiction;Space;Sports;Business;Video Games","42",""
"2019/11/16 3:42:46 PM EST","No","Male","Yes","31","4","4","3","Non-Religious","No","Yes","10","No","No","1","Yes","Red pill (Knowledge)","No","No","","I don't dislike him","I wish...","Logically","No","Yes","Unsure","0 to 10 minutes","No","Yes","Curiosity","Other","Yes","Technology;Math;Video Games;Music - Composition","74",""
"2019/11/16 4:16:17 PM EST","Yes","Male","No","20","2","4","2","Atheism","No","Yes","10","No","No","4+","Yes","Red pill (Knowledge)","Yes","No","","No","No","Logically","No","Yes","No","1 to 2 hours","No","Yes","Curiosity","Youtube","No","Technology;Science Fiction;Video Games","7",""
"2019/11/16 5:01:52 PM EST","Yes","Male","Yes","15","3","2","1","Non-Religious","Yes","Yes","4","No","No","1","Yes","Red pill (Knowledge)","No","Yes","","No","No","Logically","Yes","No","Unsure","30 to 60 minutes","No","Yes","Anxiety","Social Media","No","Art;Science Fiction;Space","4",""
"2019/11/16 6:34:45 PM EST","Yes","Male","Yes","28","3","3","1","Non-Religious","No","Yes","2","No","No","3","Yes","Red pill (Knowledge)","No","Yes","Epstein","I don't dislike him","No","Logically","Yes","No","No","1 to 2 hours","No","Yes","Sadness","Other","Yes","Technology;Sports","6",""
"2019/11/17 12:30:44 PM EST","Yes","Male","Yes","39","4","4","4","Non-Religious","No","Yes","0","No","No","4+","Yes","Red pill (Knowledge)","Yes","No","","No","No","Abstractly","Yes","Yes","No","24+ hours","No","Yes","Curiosity","Other","Yes","Technology;Art;Math;Movies;Science Fiction;Space;Business;Social Events","4",""
"2019/11/17 9:54:07 PM EST","No","Male","Yes","43","4","4","2","Atheism","No","Yes","2","No","No","0","Yes","Red pill (Knowledge)","No","No","","I don't dislike him","No","Logically","Yes","Yes","Unsure","30 to 60 minutes","No","Yes","Curiosity","Elon Musk","No","Technology;Space;Sports;Video Games;Music","8360",""
"2019/11/17 10:00:07 PM EST","Yes","Male","Yes","27","4","4","3","Non-Religious","Yes","Yes","20","Yes","No","4+","Yes","Red pill (Knowledge)","No","Yes","","Yes","No","Abstractly","Yes","No","Yes","6 to 12 hours","No","Yes","Curiosity","Youtube","No","Technology;Art;Movies;Science Fiction;Space;Business;Video Games;Pop-Culture","444",""
"2019/11/17 10:07:54 PM EST","Yes","Male","Yes","50","2","2","2","Christianity","Yes","No","2","No","No","0","Yes","Red pill (Knowledge)","No","No","","No","No","Logically","No","No","Yes","24+ hours","Yes","Yes","Curiosity","Other","No","Technology;Science Fiction;Space;Business","0",""
"2019/11/18 4:01:47 AM EST","No","Male","Yes","22","2","4","3","Non-Religious","No","Yes","6","Yes","No","4+","Yes","Red pill (Knowledge)","Yes","No","","No","No","Logically","Yes","Yes","No","2 to 6 hours","No","Yes","Curiosity","Social Media","Yes","Technology;Math;Video Games","4",""
